{
  "mae": 0.0006895507452477135,
  "rmse": 0.014640826218630887,
  "r2": 0.9999994804430185
}